{
  "project_info": {
    "project_number": "849085590040",
    "project_id": "family-location-app-4b8a5",
    "storage_bucket": "family-location-app-4b8a5.appspot.com"
  },
  "client": [
    {
      "client_info": {
        "mobilesdk_app_id": "1:849085590040:android:a74fe0cf33268b20fcb16d",
        "android_client_info": {
          "package_name": "com.tufamilia.location"
        }
      },
      "oauth_client": [
        {
          "client_id": "849085590040-p87r956etmb9v3frg4e67dm8aetedsim.apps.googleusercontent.com",
          "client_type": 3
        }
      ],
      "api_key": [
        {
          "current_key": "AIzaSyAnuJ_s-X61M6vObT_4Hyvg4oaRqcIeb5Y"
        }
      ],
      "services": {
        "appinvite_service": {
          "other_platform_oauth_client": []
        }
      }
    }
  ],
  "configuration_version": "1"
}